{"cameraMode":{"drawMode":0,"name":"Shaded","section":"Shading Mode"},"sceneLighting":true,"audioPlay":false,"sceneViewState":{"m_AlwaysRefresh":false,"showFog":true,"showSkybox":true,"showFlares":true,"showImageEffects":true,"showParticleSystems":true,"showVisualEffectGraphs":true,"m_FxEnabled":true},"in2DMode":false,"pivot":{"x":0.323760449886322,"y":-0.2526191174983978,"z":0.07592509686946869},"rotation":{"x":-0.24814721941947938,"y":-0.01831745356321335,"z":0.004661151673644781,"w":-0.9685505032539368},"size":0.9866027235984802,"orthographic":false}