{"cameraMode":{"drawMode":0,"name":"Shaded","section":"Shading Mode"},"sceneLighting":true,"audioPlay":false,"sceneViewState":{"m_AlwaysRefresh":false,"showFog":true,"showSkybox":true,"showFlares":true,"showImageEffects":true,"showParticleSystems":true,"showVisualEffectGraphs":true,"m_FxEnabled":true},"in2DMode":false,"pivot":{"x":-1.5799999237060547,"y":3.119999885559082,"z":-0.8959207534790039},"rotation":{"x":-0.1596267819404602,"y":-0.07924898713827133,"z":0.012638900429010392,"w":-0.9839783310890198},"size":5.366025924682617,"orthographic":false}