{"cameraMode":{"drawMode":0,"name":"Shaded","section":"Shading Mode"},"sceneLighting":true,"audioPlay":false,"sceneViewState":{"m_AlwaysRefresh":false,"showFog":true,"showSkybox":true,"showFlares":true,"showImageEffects":true,"showParticleSystems":true,"showVisualEffectGraphs":true,"m_FxEnabled":true},"in2DMode":false,"pivot":{"x":5.846623420715332,"y":-0.006636619567871094,"z":1.2576165199279786},"rotation":{"x":-0.29836559295654299,"y":0.16554903984069825,"z":-0.05267142131924629,"w":-0.93853360414505},"size":3.3599536418914797,"orthographic":false}