{"cameraMode":{"drawMode":0,"name":"Shaded","section":"Shading Mode"},"sceneLighting":true,"audioPlay":false,"sceneViewState":{"m_AlwaysRefresh":false,"showFog":true,"showSkybox":true,"showFlares":true,"showImageEffects":true,"showParticleSystems":true,"showVisualEffectGraphs":true,"m_FxEnabled":true},"in2DMode":false,"pivot":{"x":5.784859657287598,"y":0.07961912453174591,"z":0.7361618280410767},"rotation":{"x":-0.058425627648830417,"y":0.9398115277290344,"z":-0.2065214067697525,"w":-0.265875905752182},"size":0.8660253882408142,"orthographic":false}