{"cameraMode":{"drawMode":0,"name":"Shaded","section":"Shading Mode"},"sceneLighting":true,"audioPlay":false,"sceneViewState":{"showFog":true,"showMaterialUpdate":false,"showSkybox":true,"showFlares":true,"showImageEffects":true,"showParticleSystems":true},"in2DMode":false,"pivot":{"x":0.35429999232292178,"y":-0.06749999523162842,"z":-0.06700000911951065},"rotation":{"x":-0.12129713594913483,"y":0.05862518772482872,"z":-0.007177598308771849,"w":-0.9908608794212341},"size":13.928523063659668,"orthographic":false}